Nederland, 1000 runs, hillclimber die stopt na 1000000. 25/06/2024  run_1

"x, punten voor lijn tekenen", "[2, 3, 18, 106, 151, 446, 803, 1000, 1211, 11561, 36886, 55557, 56161, 580890, 594232]"
"y, punten voor lijn tekenen", "[4238.247191011236, 4624.3258426966295, 4966.606741573034, 5002.606741573034, 5154.3258426966295, 5247.685393258427, 5262.3258426966295, 5272.685393258427, 5665.76404494382, 5705.123595505618, 5736.123595505618, 5833.483146067416, 6041.202247191011, 6065.202247191011, 6100.202247191011]"
"x, punten van verbetering", "[2, 2, 3, 3, 18, 18, 106, 106, 151, 151, 446, 446, 803, 803, 1000, 1000, 1211, 1211, 11561, 11561, 36886, 36886, 55557, 55557, 56161, 56161, 580890, 580890, 594232, 594232, 1000000]"
"y, punten van verbetering", "[3063.730337078652, 4238.247191011236, 4238.247191011236, 4624.3258426966295, 4624.3258426966295, 4966.606741573034, 4966.606741573034, 5002.606741573034, 5002.606741573034, 5154.3258426966295, 5154.3258426966295, 5247.685393258427, 5247.685393258427, 5262.3258426966295, 5262.3258426966295, 5272.685393258427, 5272.685393258427, 5665.76404494382, 5665.76404494382, 5705.123595505618, 5705.123595505618, 5736.123595505618, 5736.123595505618, 5833.483146067416, 5833.483146067416, 6041.202247191011, 6041.202247191011, 6065.202247191011, 6065.202247191011, 6100.202247191011, 6100.202247191011]"


Nederland, 1000 runs, hillclimber die stopt na 1000000. 25/06/2024  run_2

"x, punten voor lijn tekenen", "[1, 7, 38, 46, 47, 84, 87, 390, 873, 2209, 6205, 6720, 26942, 61309, 148870, 253195, 408625]"
"y, punten voor lijn tekenen", "[3947.8876404494376, 4451.887640449438, 4737.887640449438, 4876.606741573034, 4890.606741573034, 5123.966292134832, 5309.685393258427, 5336.685393258427, 5399.044943820225, 5424.044943820225, 5541.404494382023, 5822.483146067416, 5827.483146067416, 5853.483146067416, 5870.483146067416, 5900.483146067416, 6022.842696629214]"
"x, punten van verbetering", "[1, 1, 7, 7, 38, 38, 46, 46, 47, 47, 84, 84, 87, 87, 390, 390, 873, 873, 2209, 2209, 6205, 6205, 6720, 6720, 26942, 26942, 61309, 61309, 148870, 148870, 253195, 253195, 408625, 408625, 1000000]"
"y, punten van verbetering", "[3063.730337078652, 3947.8876404494376, 3947.8876404494376, 4451.887640449438, 4451.887640449438, 4737.887640449438, 4737.887640449438, 4876.606741573034, 4876.606741573034, 4890.606741573034, 4890.606741573034, 5123.966292134832, 5123.966292134832, 5309.685393258427, 5309.685393258427, 5336.685393258427, 5336.685393258427, 5399.044943820225, 5399.044943820225, 5424.044943820225, 5424.044943820225, 5541.404494382023, 5541.404494382023, 5822.483146067416, 5822.483146067416, 5827.483146067416, 5827.483146067416, 5853.483146067416, 5853.483146067416, 5870.483146067416, 5870.483146067416, 5900.483146067416, 5900.483146067416, 6022.842696629214, 6022.842696629214]"


Nederland, 1000 runs, hillclimber die stopt na 1000000. 25/06/2024  run_3

"x, punten voor lijn tekenen", "[1, 2, 3, 9, 18, 47, 854, 890, 899, 2445, 3653, 6783, 11602, 15565, 34506, 36190, 261067, 367637]"
"y, punten voor lijn tekenen", "[3378.089887640449, 4049.8876404494376, 4425.966292134832, 4480.887640449438, 5153.3258426966295, 5376.044943820225, 5390.044943820225, 5392.044943820225, 5471.044943820225, 5506.404494382023, 5532.404494382023, 5606.76404494382, 5628.76404494382, 5710.123595505618, 5818.483146067416, 5853.483146067416, 5956.842696629214, 5984.842696629214]"
"x, punten van verbetering", "[1, 1, 2, 2, 3, 3, 9, 9, 18, 18, 47, 47, 854, 854, 890, 890, 899, 899, 2445, 2445, 3653, 3653, 6783, 6783, 11602, 11602, 15565, 15565, 34506, 34506, 36190, 36190, 261067, 261067, 367637, 367637, 1000000]"
"y, punten van verbetering", "[3063.730337078652, 3378.089887640449, 3378.089887640449, 4049.8876404494376, 4049.8876404494376, 4425.966292134832, 4425.966292134832, 4480.887640449438, 4480.887640449438, 5153.3258426966295, 5153.3258426966295, 5376.044943820225, 5376.044943820225, 5390.044943820225, 5390.044943820225, 5392.044943820225, 5392.044943820225, 5471.044943820225, 5471.044943820225, 5506.404494382023, 5506.404494382023, 5532.404494382023, 5532.404494382023, 5606.76404494382, 5606.76404494382, 5628.76404494382, 5628.76404494382, 5710.123595505618, 5710.123595505618, 5818.483146067416, 5818.483146067416, 5853.483146067416, 5853.483146067416, 5956.842696629214, 5956.842696629214, 5984.842696629214, 5984.842696629214]"


Nederland, 1000 runs, hillclimber die stopt na 1000000. 25/06/2024  run_4

"x, punten voor lijn tekenen", "[2, 3, 4, 27, 68, 106, 312, 350, 478, 550, 3859, 8261, 38160, 231729, 851292]"
"y, punten voor lijn tekenen", "[3570.4494382022467, 4216.247191011236, 4239.887640449438, 4621.52808988764, 5073.966292134832, 5098.966292134832, 5104.966292134832, 5324.685393258427, 5334.685393258427, 5598.76404494382, 5753.123595505618, 5753.123595505618, 5888.483146067416, 5954.842696629214, 5958.842696629214]"
"x, punten van verbetering", "[2, 2, 3, 3, 4, 4, 27, 27, 68, 68, 106, 106, 312, 312, 350, 350, 478, 478, 550, 550, 3859, 3859, 8261, 8261, 38160, 38160, 231729, 231729, 851292, 851292, 1000000]"
"y, punten van verbetering", "[3063.730337078652, 3570.4494382022467, 3570.4494382022467, 4216.247191011236, 4216.247191011236, 4239.887640449438, 4239.887640449438, 4621.52808988764, 4621.52808988764, 5073.966292134832, 5073.966292134832, 5098.966292134832, 5098.966292134832, 5104.966292134832, 5104.966292134832, 5324.685393258427, 5324.685393258427, 5334.685393258427, 5334.685393258427, 5598.76404494382, 5598.76404494382, 5753.123595505618, 5753.123595505618, 5753.123595505618, 5753.123595505618, 5888.483146067416, 5888.483146067416, 5954.842696629214, 5954.842696629214, 5958.842696629214, 5958.842696629214]"


Nederland, 1000 runs, hillclimber die stopt na 1000000. 25/06/2024  run_5

"x, punten voor lijn tekenen", "[1, 2, 3, 5, 16, 21, 36, 257, 577, 705, 2059, 8655, 11805, 41976, 632666]"
"y, punten voor lijn tekenen", "[3465.4494382022467, 3550.089887640449, 4162.52808988764, 4249.52808988764, 4286.449438202247, 4615.52808988764, 5171.966292134832, 5285.3258426966295, 5469.044943820225, 5532.404494382023, 5587.76404494382, 5717.123595505618, 5764.123595505618, 5945.842696629214, 5977.842696629214]"
"x, punten van verbetering", "[1, 1, 2, 2, 3, 3, 5, 5, 16, 16, 21, 21, 36, 36, 257, 257, 577, 577, 705, 705, 2059, 2059, 8655, 8655, 11805, 11805, 41976, 41976, 632666, 632666, 1000000]"
"y, punten van verbetering", "[3063.730337078652, 3465.4494382022467, 3465.4494382022467, 3550.089887640449, 3550.089887640449, 4162.52808988764, 4162.52808988764, 4249.52808988764, 4249.52808988764, 4286.449438202247, 4286.449438202247, 4615.52808988764, 4615.52808988764, 5171.966292134832, 5171.966292134832, 5285.3258426966295, 5285.3258426966295, 5469.044943820225, 5469.044943820225, 5532.404494382023, 5532.404494382023, 5587.76404494382, 5587.76404494382, 5717.123595505618, 5717.123595505618, 5764.123595505618, 5764.123595505618, 5945.842696629214, 5945.842696629214, 5977.842696629214, 5977.842696629214]"


Nederland, 1000 runs, hillclimber die stopt na 1000000. 25/06/2024  run_6

"x, punten voor lijn tekenen", "[1, 4, 6, 7, 8, 9, 11, 17, 19, 159, 212, 254, 296, 637, 1659, 4538, 6153, 9568, 10004, 86157, 106918, 189167]"
"y, punten voor lijn tekenen", "[3363.089887640449, 3765.4494382022467, 3841.089887640449, 4239.168539325843, 4367.168539325843, 4384.168539325843, 4437.52808988764, 4737.887640449438, 4852.247191011236, 4885.247191011236, 5011.966292134832, 5146.966292134832, 5377.044943820225, 5455.404494382023, 5511.404494382023, 5523.404494382023, 5587.404494382023, 5590.76404494382, 5747.123595505618, 5817.483146067416, 5843.483146067416, 5905.483146067416]"
"x, punten van verbetering", "[1, 1, 4, 4, 6, 6, 7, 7, 8, 8, 9, 9, 11, 11, 17, 17, 19, 19, 159, 159, 212, 212, 254, 254, 296, 296, 637, 637, 1659, 1659, 4538, 4538, 6153, 6153, 9568, 9568, 10004, 10004, 86157, 86157, 106918, 106918, 189167, 189167, 1000000]"
"y, punten van verbetering", "[3063.730337078652, 3363.089887640449, 3363.089887640449, 3765.4494382022467, 3765.4494382022467, 3841.089887640449, 3841.089887640449, 4239.168539325843, 4239.168539325843, 4367.168539325843, 4367.168539325843, 4384.168539325843, 4384.168539325843, 4437.52808988764, 4437.52808988764, 4737.887640449438, 4737.887640449438, 4852.247191011236, 4852.247191011236, 4885.247191011236, 4885.247191011236, 5011.966292134832, 5011.966292134832, 5146.966292134832, 5146.966292134832, 5377.044943820225, 5377.044943820225, 5455.404494382023, 5455.404494382023, 5511.404494382023, 5511.404494382023, 5523.404494382023, 5523.404494382023, 5587.404494382023, 5587.404494382023, 5590.76404494382, 5590.76404494382, 5747.123595505618, 5747.123595505618, 5817.483146067416, 5817.483146067416, 5843.483146067416, 5843.483146067416, 5905.483146067416, 5905.483146067416]"


Nederland, 1000 runs, hillclimber die stopt na 1000000. 25/06/2024  run_7

"x, punten voor lijn tekenen", "[2, 3, 7, 8, 51, 55, 366, 440, 5199, 7136, 8205, 21965, 752848, 996867]"
"y, punten voor lijn tekenen", "[3574.4494382022467, 4157.887640449438, 4591.247191011236, 4713.247191011236, 4802.247191011236, 5313.685393258427, 5431.044943820225, 5528.404494382023, 5557.404494382023, 5661.76404494382, 5752.123595505618, 5884.483146067416, 5951.842696629214, 5957.842696629214]"
"x, punten van verbetering", "[2, 2, 3, 3, 7, 7, 8, 8, 51, 51, 55, 55, 366, 366, 440, 440, 5199, 5199, 7136, 7136, 8205, 8205, 21965, 21965, 752848, 752848, 996867, 996867, 1000000]"
"y, punten van verbetering", "[3063.730337078652, 3574.4494382022467, 3574.4494382022467, 4157.887640449438, 4157.887640449438, 4591.247191011236, 4591.247191011236, 4713.247191011236, 4713.247191011236, 4802.247191011236, 4802.247191011236, 5313.685393258427, 5313.685393258427, 5431.044943820225, 5431.044943820225, 5528.404494382023, 5528.404494382023, 5557.404494382023, 5557.404494382023, 5661.76404494382, 5661.76404494382, 5752.123595505618, 5752.123595505618, 5884.483146067416, 5884.483146067416, 5951.842696629214, 5951.842696629214, 5957.842696629214, 5957.842696629214]"


Nederland, 1000 runs, hillclimber die stopt na 1000000. 25/06/2024  run_8

"x, punten voor lijn tekenen", "[2, 5, 6, 9, 22, 55, 276, 296, 444, 1138, 5159, 8802, 58548, 73756, 145439, 298730, 315130, 570025]"
"y, punten voor lijn tekenen", "[3323.3707865168544, 4049.4494382022467, 4536.52808988764, 4611.887640449438, 4866.247191011236, 4882.606741573034, 5146.3258426966295, 5260.685393258427, 5475.044943820225, 5547.404494382023, 5720.123595505618, 5738.123595505618, 5772.123595505618, 5832.123595505618, 5970.842696629214, 5983.842696629214, 6002.842696629214, 6121.202247191011]"
"x, punten van verbetering", "[2, 2, 5, 5, 6, 6, 9, 9, 22, 22, 55, 55, 276, 276, 296, 296, 444, 444, 1138, 1138, 5159, 5159, 8802, 8802, 58548, 58548, 73756, 73756, 145439, 145439, 298730, 298730, 315130, 315130, 570025, 570025, 1000000]"
"y, punten van verbetering", "[3063.730337078652, 3323.3707865168544, 3323.3707865168544, 4049.4494382022467, 4049.4494382022467, 4536.52808988764, 4536.52808988764, 4611.887640449438, 4611.887640449438, 4866.247191011236, 4866.247191011236, 4882.606741573034, 4882.606741573034, 5146.3258426966295, 5146.3258426966295, 5260.685393258427, 5260.685393258427, 5475.044943820225, 5475.044943820225, 5547.404494382023, 5547.404494382023, 5720.123595505618, 5720.123595505618, 5738.123595505618, 5738.123595505618, 5772.123595505618, 5772.123595505618, 5832.123595505618, 5832.123595505618, 5970.842696629214, 5970.842696629214, 5983.842696629214, 5983.842696629214, 6002.842696629214, 6002.842696629214, 6121.202247191011, 6121.202247191011]"


Nederland, 1000 runs, hillclimber die stopt na 1000000. 25/06/2024  run_9

"x, punten voor lijn tekenen", "[1, 2, 8, 10, 12, 41, 53, 191, 812, 884, 3635, 5962, 9046, 9143, 9144, 9541]"
"y, punten voor lijn tekenen", "[3154.3707865168544, 3666.4494382022467, 3915.4494382022467, 4174.808988764045, 4761.247191011236, 4885.247191011236, 5223.685393258427, 5239.685393258427, 5405.044943820225, 5454.044943820225, 5496.404494382023, 5526.404494382023, 5572.404494382023, 5607.76404494382, 5825.483146067416, 6059.202247191011]"
"x, punten van verbetering", "[1, 1, 2, 2, 8, 8, 10, 10, 12, 12, 41, 41, 53, 53, 191, 191, 812, 812, 884, 884, 3635, 3635, 5962, 5962, 9046, 9046, 9143, 9143, 9144, 9144, 9541, 9541, 1000000]"
"y, punten van verbetering", "[3063.730337078652, 3154.3707865168544, 3154.3707865168544, 3666.4494382022467, 3666.4494382022467, 3915.4494382022467, 3915.4494382022467, 4174.808988764045, 4174.808988764045, 4761.247191011236, 4761.247191011236, 4885.247191011236, 4885.247191011236, 5223.685393258427, 5223.685393258427, 5239.685393258427, 5239.685393258427, 5405.044943820225, 5405.044943820225, 5454.044943820225, 5454.044943820225, 5496.404494382023, 5496.404494382023, 5526.404494382023, 5526.404494382023, 5572.404494382023, 5572.404494382023, 5607.76404494382, 5607.76404494382, 5825.483146067416, 5825.483146067416, 6059.202247191011, 6059.202247191011]"


Nederland, 1000 runs, hillclimber die stopt na 1000000. 25/06/2024  run_10

"x, punten voor lijn tekenen", "[1, 2, 35, 36, 52, 53, 508, 568, 570, 2546, 5991, 91175, 117139, 176904, 935252]"
"y, punten voor lijn tekenen", "[3677.168539325843, 4541.3258426966295, 4547.168539325843, 4644.52808988764, 4761.887640449438, 5311.685393258427, 5314.685393258427, 5315.685393258427, 5426.044943820225, 5583.76404494382, 5760.123595505618, 5770.123595505618, 5886.483146067416, 5973.842696629214, 6035.842696629214]"
"x, punten van verbetering", "[1, 1, 2, 2, 35, 35, 36, 36, 52, 52, 53, 53, 508, 508, 568, 568, 570, 570, 2546, 2546, 5991, 5991, 91175, 91175, 117139, 117139, 176904, 176904, 935252, 935252, 1000000]"
"y, punten van verbetering", "[3063.730337078652, 3677.168539325843, 3677.168539325843, 4541.3258426966295, 4541.3258426966295, 4547.168539325843, 4547.168539325843, 4644.52808988764, 4644.52808988764, 4761.887640449438, 4761.887640449438, 5311.685393258427, 5311.685393258427, 5314.685393258427, 5314.685393258427, 5315.685393258427, 5315.685393258427, 5426.044943820225, 5426.044943820225, 5583.76404494382, 5583.76404494382, 5760.123595505618, 5760.123595505618, 5770.123595505618, 5770.123595505618, 5886.483146067416, 5886.483146067416, 5973.842696629214, 5973.842696629214, 6035.842696629214, 6035.842696629214]"


Nederland, 1000 runs, hillclimber die stopt na 1000000. 25/06/2024  run_11

"x, punten voor lijn tekenen", "[1, 2, 3, 5, 10, 11, 245, 649, 862, 1331, 5571, 12464, 52776, 251995, 251996, 985685]"
"y, punten voor lijn tekenen", "[3932.8876404494376, 4114.887640449438, 4164.887640449438, 4432.887640449438, 4634.887640449438, 5182.3258426966295, 5254.3258426966295, 5347.685393258427, 5553.404494382023, 5594.404494382023, 5726.123595505618, 5770.123595505618, 5849.483146067416, 5855.483146067416, 6055.202247191011, 6155.561797752809]"
"x, punten van verbetering", "[1, 1, 2, 2, 3, 3, 5, 5, 10, 10, 11, 11, 245, 245, 649, 649, 862, 862, 1331, 1331, 5571, 5571, 12464, 12464, 52776, 52776, 251995, 251995, 251996, 251996, 985685, 985685, 1000000]"
"y, punten van verbetering", "[3063.730337078652, 3932.8876404494376, 3932.8876404494376, 4114.887640449438, 4114.887640449438, 4164.887640449438, 4164.887640449438, 4432.887640449438, 4432.887640449438, 4634.887640449438, 4634.887640449438, 5182.3258426966295, 5182.3258426966295, 5254.3258426966295, 5254.3258426966295, 5347.685393258427, 5347.685393258427, 5553.404494382023, 5553.404494382023, 5594.404494382023, 5594.404494382023, 5726.123595505618, 5726.123595505618, 5770.123595505618, 5770.123595505618, 5849.483146067416, 5849.483146067416, 5855.483146067416, 5855.483146067416, 6055.202247191011, 6055.202247191011, 6155.561797752809, 6155.561797752809]"


Nederland, 1000 runs, hillclimber die stopt na 1000000. 25/06/2024  run_12

"x, punten voor lijn tekenen", "[1, 2, 12, 20, 22, 23, 27, 28, 38, 403, 555, 640, 687, 744, 3184, 28897, 51474, 237405, 365936]"
"y, punten voor lijn tekenen", "[3064.011235955056, 3719.8089887640454, 4437.168539325843, 4507.168539325843, 4507.168539325843, 4874.247191011236, 4971.606741573034, 5009.606741573034, 5194.966292134832, 5211.3258426966295, 5324.685393258427, 5356.044943820225, 5455.404494382023, 5630.76404494382, 5663.76404494382, 5788.123595505618, 5818.123595505618, 5935.842696629214, 6072.202247191011]"
"x, punten van verbetering", "[1, 1, 2, 2, 12, 12, 20, 20, 22, 22, 23, 23, 27, 27, 28, 28, 38, 38, 403, 403, 555, 555, 640, 640, 687, 687, 744, 744, 3184, 3184, 28897, 28897, 51474, 51474, 237405, 237405, 365936, 365936, 1000000]"
"y, punten van verbetering", "[3063.730337078652, 3064.011235955056, 3064.011235955056, 3719.8089887640454, 3719.8089887640454, 4437.168539325843, 4437.168539325843, 4507.168539325843, 4507.168539325843, 4507.168539325843, 4507.168539325843, 4874.247191011236, 4874.247191011236, 4971.606741573034, 4971.606741573034, 5009.606741573034, 5009.606741573034, 5194.966292134832, 5194.966292134832, 5211.3258426966295, 5211.3258426966295, 5324.685393258427, 5324.685393258427, 5356.044943820225, 5356.044943820225, 5455.404494382023, 5455.404494382023, 5630.76404494382, 5630.76404494382, 5663.76404494382, 5663.76404494382, 5788.123595505618, 5788.123595505618, 5818.123595505618, 5818.123595505618, 5935.842696629214, 5935.842696629214, 6072.202247191011, 6072.202247191011]"


Nederland, 1000 runs, hillclimber die stopt na 1000000. 25/06/2024  run_13

"x, punten voor lijn tekenen", "[1, 5, 7, 8, 56, 76, 77, 247, 272, 8136, 20521, 60685, 387512, 581680]"
"y, punten voor lijn tekenen", "[3333.089887640449, 3811.089887640449, 3813.730337078652, 4656.247191011236, 4670.52808988764, 4757.887640449438, 5079.966292134832, 5360.044943820225, 5683.76404494382, 5817.483146067416, 5838.483146067416, 5894.483146067416, 5905.483146067416, 5970.842696629214]"
"x, punten van verbetering", "[1, 1, 5, 5, 7, 7, 8, 8, 56, 56, 76, 76, 77, 77, 247, 247, 272, 272, 8136, 8136, 20521, 20521, 60685, 60685, 387512, 387512, 581680, 581680, 1000000]"
"y, punten van verbetering", "[3063.730337078652, 3333.089887640449, 3333.089887640449, 3811.089887640449, 3811.089887640449, 3813.730337078652, 3813.730337078652, 4656.247191011236, 4656.247191011236, 4670.52808988764, 4670.52808988764, 4757.887640449438, 4757.887640449438, 5079.966292134832, 5079.966292134832, 5360.044943820225, 5360.044943820225, 5683.76404494382, 5683.76404494382, 5817.483146067416, 5817.483146067416, 5838.483146067416, 5838.483146067416, 5894.483146067416, 5894.483146067416, 5905.483146067416, 5905.483146067416, 5970.842696629214, 5970.842696629214]"


Nederland, 1000 runs, hillclimber die stopt na 1000000. 25/06/2024  run_14

"x, punten voor lijn tekenen", "[3, 4, 5, 11, 18, 22, 24, 32, 522, 1364, 4064, 236149, 478282]"
"y, punten voor lijn tekenen", "[3260.651685393258, 3855.4494382022467, 3856.089887640449, 3901.3707865168544, 3994.730337078652, 4677.887640449438, 4791.247191011236, 5311.685393258427, 5340.685393258427, 5640.76404494382, 5866.483146067416, 5943.842696629214, 6115.202247191011]"
"x, punten van verbetering", "[3, 3, 4, 4, 5, 5, 11, 11, 18, 18, 22, 22, 24, 24, 32, 32, 522, 522, 1364, 1364, 4064, 4064, 236149, 236149, 478282, 478282, 1000000]"
"y, punten van verbetering", "[3063.730337078652, 3260.651685393258, 3260.651685393258, 3855.4494382022467, 3855.4494382022467, 3856.089887640449, 3856.089887640449, 3901.3707865168544, 3901.3707865168544, 3994.730337078652, 3994.730337078652, 4677.887640449438, 4677.887640449438, 4791.247191011236, 4791.247191011236, 5311.685393258427, 5311.685393258427, 5340.685393258427, 5340.685393258427, 5640.76404494382, 5640.76404494382, 5866.483146067416, 5866.483146067416, 5943.842696629214, 5943.842696629214, 6115.202247191011, 6115.202247191011]"


Nederland, 1000 runs, hillclimber die stopt na 1000000. 25/06/2024  run_15

"x, punten voor lijn tekenen", "[2, 3, 5, 18, 41, 75, 104, 175, 296, 324, 1267, 1337, 1556, 1852, 2502, 3737, 4746, 18381, 36345, 36609, 113980, 191775, 760975]"
"y, punten voor lijn tekenen", "[4145.247191011236, 4485.966292134832, 4594.606741573034, 4643.887640449438, 4749.887640449438, 4754.887640449438, 4845.247191011236, 4916.606741573034, 4993.606741573034, 5315.685393258427, 5435.044943820225, 5440.044943820225, 5613.76404494382, 5618.76404494382, 5634.76404494382, 5680.76404494382, 5717.123595505618, 5732.123595505618, 5769.123595505618, 5787.123595505618, 5819.483146067416, 5960.842696629214, 6010.842696629214]"
"x, punten van verbetering", "[2, 2, 3, 3, 5, 5, 18, 18, 41, 41, 75, 75, 104, 104, 175, 175, 296, 296, 324, 324, 1267, 1267, 1337, 1337, 1556, 1556, 1852, 1852, 2502, 2502, 3737, 3737, 4746, 4746, 18381, 18381, 36345, 36345, 36609, 36609, 113980, 113980, 191775, 191775, 760975, 760975, 1000000]"
"y, punten van verbetering", "[3063.730337078652, 4145.247191011236, 4145.247191011236, 4485.966292134832, 4485.966292134832, 4594.606741573034, 4594.606741573034, 4643.887640449438, 4643.887640449438, 4749.887640449438, 4749.887640449438, 4754.887640449438, 4754.887640449438, 4845.247191011236, 4845.247191011236, 4916.606741573034, 4916.606741573034, 4993.606741573034, 4993.606741573034, 5315.685393258427, 5315.685393258427, 5435.044943820225, 5435.044943820225, 5440.044943820225, 5440.044943820225, 5613.76404494382, 5613.76404494382, 5618.76404494382, 5618.76404494382, 5634.76404494382, 5634.76404494382, 5680.76404494382, 5680.76404494382, 5717.123595505618, 5717.123595505618, 5732.123595505618, 5732.123595505618, 5769.123595505618, 5769.123595505618, 5787.123595505618, 5787.123595505618, 5819.483146067416, 5819.483146067416, 5960.842696629214, 5960.842696629214, 6010.842696629214, 6010.842696629214]"


Nederland, 1000 runs, hillclimber die stopt na 1000000. 25/06/2024  run_16

"x, punten voor lijn tekenen", "[4, 5, 16, 23, 24, 47, 48, 162, 297, 761, 1130, 4895, 5338, 13221, 22570, 65759, 99001, 208871, 249404]"
"y, punten voor lijn tekenen", "[3337.651685393258, 3580.011235955056, 4309.808988764045, 4327.168539325843, 4440.52808988764, 4792.887640449438, 5199.3258426966295, 5369.044943820225, 5373.044943820225, 5521.404494382023, 5534.404494382023, 5576.76404494382, 5684.76404494382, 5842.483146067416, 5890.483146067416, 5911.483146067416, 5936.842696629214, 5981.842696629214, 6161.561797752809]"
"x, punten van verbetering", "[4, 4, 5, 5, 16, 16, 23, 23, 24, 24, 47, 47, 48, 48, 162, 162, 297, 297, 761, 761, 1130, 1130, 4895, 4895, 5338, 5338, 13221, 13221, 22570, 22570, 65759, 65759, 99001, 99001, 208871, 208871, 249404, 249404, 1000000]"
"y, punten van verbetering", "[3063.730337078652, 3337.651685393258, 3337.651685393258, 3580.011235955056, 3580.011235955056, 4309.808988764045, 4309.808988764045, 4327.168539325843, 4327.168539325843, 4440.52808988764, 4440.52808988764, 4792.887640449438, 4792.887640449438, 5199.3258426966295, 5199.3258426966295, 5369.044943820225, 5369.044943820225, 5373.044943820225, 5373.044943820225, 5521.404494382023, 5521.404494382023, 5534.404494382023, 5534.404494382023, 5576.76404494382, 5576.76404494382, 5684.76404494382, 5684.76404494382, 5842.483146067416, 5842.483146067416, 5890.483146067416, 5890.483146067416, 5911.483146067416, 5911.483146067416, 5936.842696629214, 5936.842696629214, 5981.842696629214, 5981.842696629214, 6161.561797752809, 6161.561797752809]"


Nederland, 1000 runs, hillclimber die stopt na 1000000. 25/06/2024  run_17

"x, punten voor lijn tekenen", "[2, 3, 5, 6, 42, 43, 64, 71, 100, 101, 1915, 3197, 19527, 61435, 134009, 178804, 184723, 197731, 199043, 397173, 874762]"
"y, punten voor lijn tekenen", "[4032.8876404494376, 4187.887640449438, 4213.808988764045, 4278.168539325843, 4374.808988764045, 4707.887640449438, 4811.247191011236, 4982.606741573034, 4989.606741573034, 5532.404494382023, 5620.76404494382, 5730.123595505618, 5747.123595505618, 5752.123595505618, 5787.123595505618, 5808.123595505618, 5832.123595505618, 5853.483146067416, 5975.842696629214, 5976.842696629214, 6039.202247191011]"
"x, punten van verbetering", "[2, 2, 3, 3, 5, 5, 6, 6, 42, 42, 43, 43, 64, 64, 71, 71, 100, 100, 101, 101, 1915, 1915, 3197, 3197, 19527, 19527, 61435, 61435, 134009, 134009, 178804, 178804, 184723, 184723, 197731, 197731, 199043, 199043, 397173, 397173, 874762, 874762, 1000000]"
"y, punten van verbetering", "[3063.730337078652, 4032.8876404494376, 4032.8876404494376, 4187.887640449438, 4187.887640449438, 4213.808988764045, 4213.808988764045, 4278.168539325843, 4278.168539325843, 4374.808988764045, 4374.808988764045, 4707.887640449438, 4707.887640449438, 4811.247191011236, 4811.247191011236, 4982.606741573034, 4982.606741573034, 4989.606741573034, 4989.606741573034, 5532.404494382023, 5532.404494382023, 5620.76404494382, 5620.76404494382, 5730.123595505618, 5730.123595505618, 5747.123595505618, 5747.123595505618, 5752.123595505618, 5752.123595505618, 5787.123595505618, 5787.123595505618, 5808.123595505618, 5808.123595505618, 5832.123595505618, 5832.123595505618, 5853.483146067416, 5853.483146067416, 5975.842696629214, 5975.842696629214, 5976.842696629214, 5976.842696629214, 6039.202247191011, 6039.202247191011]"


Nederland, 1000 runs, hillclimber die stopt na 1000000. 25/06/2024  run_18

"x, punten voor lijn tekenen", "[4, 5, 81, 85, 105, 134, 672, 907, 2289, 6210, 9605, 38077]"
"y, punten voor lijn tekenen", "[3452.651685393258, 4798.606741573034, 4868.247191011236, 4890.247191011236, 4908.247191011236, 5120.966292134832, 5176.3258426966295, 5482.404494382023, 5665.76404494382, 5716.123595505618, 5915.483146067416, 5998.842696629214]"
"x, punten van verbetering", "[4, 4, 5, 5, 81, 81, 85, 85, 105, 105, 134, 134, 672, 672, 907, 907, 2289, 2289, 6210, 6210, 9605, 9605, 38077, 38077, 1000000]"
"y, punten van verbetering", "[3063.730337078652, 3452.651685393258, 3452.651685393258, 4798.606741573034, 4798.606741573034, 4868.247191011236, 4868.247191011236, 4890.247191011236, 4890.247191011236, 4908.247191011236, 4908.247191011236, 5120.966292134832, 5120.966292134832, 5176.3258426966295, 5176.3258426966295, 5482.404494382023, 5482.404494382023, 5665.76404494382, 5665.76404494382, 5716.123595505618, 5716.123595505618, 5915.483146067416, 5915.483146067416, 5998.842696629214, 5998.842696629214]"


Nederland, 1000 runs, hillclimber die stopt na 1000000. 25/06/2024  run_19

"x, punten voor lijn tekenen", "[8, 9, 10, 17, 21, 32, 94, 106, 108, 813, 1813, 1915, 9277, 18190, 36037, 58217, 137207, 185482, 239353, 457643]"
"y, punten voor lijn tekenen", "[3557.292134831461, 3664.651685393258, 3764.011235955056, 4121.730337078652, 4578.168539325843, 4618.52808988764, 5040.966292134832, 5044.966292134832, 5263.685393258427, 5282.685393258427, 5286.685393258427, 5558.404494382023, 5687.76404494382, 5727.123595505618, 5738.123595505618, 5781.123595505618, 5819.123595505618, 5836.483146067416, 5962.842696629214, 6002.202247191011]"
"x, punten van verbetering", "[8, 8, 9, 9, 10, 10, 17, 17, 21, 21, 32, 32, 94, 94, 106, 106, 108, 108, 813, 813, 1813, 1813, 1915, 1915, 9277, 9277, 18190, 18190, 36037, 36037, 58217, 58217, 137207, 137207, 185482, 185482, 239353, 239353, 457643, 457643, 1000000]"
"y, punten van verbetering", "[3063.730337078652, 3557.292134831461, 3557.292134831461, 3664.651685393258, 3664.651685393258, 3764.011235955056, 3764.011235955056, 4121.730337078652, 4121.730337078652, 4578.168539325843, 4578.168539325843, 4618.52808988764, 4618.52808988764, 5040.966292134832, 5040.966292134832, 5044.966292134832, 5044.966292134832, 5263.685393258427, 5263.685393258427, 5282.685393258427, 5282.685393258427, 5286.685393258427, 5286.685393258427, 5558.404494382023, 5558.404494382023, 5687.76404494382, 5687.76404494382, 5727.123595505618, 5727.123595505618, 5738.123595505618, 5738.123595505618, 5781.123595505618, 5781.123595505618, 5819.123595505618, 5819.123595505618, 5836.483146067416, 5836.483146067416, 5962.842696629214, 5962.842696629214, 6002.202247191011, 6002.202247191011]"


Nederland, 1000 runs, hillclimber die stopt na 1000000. 25/06/2024  run_20

"x, punten voor lijn tekenen", "[5, 6, 9, 10, 48, 94, 135, 233, 235, 507, 584, 3503, 7297, 275022, 716706, 729247]"
"y, punten voor lijn tekenen", "[3738.730337078652, 3996.4494382022467, 4058.089887640449, 4644.887640449438, 4894.606741573034, 5065.966292134832, 5237.685393258427, 5243.685393258427, 5274.685393258427, 5299.685393258427, 5430.044943820225, 5559.404494382023, 5896.483146067416, 5920.842696629214, 5928.842696629214, 6050.202247191011]"
"x, punten van verbetering", "[5, 5, 6, 6, 9, 9, 10, 10, 48, 48, 94, 94, 135, 135, 233, 233, 235, 235, 507, 507, 584, 584, 3503, 3503, 7297, 7297, 275022, 275022, 716706, 716706, 729247, 729247, 1000000]"
"y, punten van verbetering", "[3063.730337078652, 3738.730337078652, 3738.730337078652, 3996.4494382022467, 3996.4494382022467, 4058.089887640449, 4058.089887640449, 4644.887640449438, 4644.887640449438, 4894.606741573034, 4894.606741573034, 5065.966292134832, 5065.966292134832, 5237.685393258427, 5237.685393258427, 5243.685393258427, 5243.685393258427, 5274.685393258427, 5274.685393258427, 5299.685393258427, 5299.685393258427, 5430.044943820225, 5430.044943820225, 5559.404494382023, 5559.404494382023, 5896.483146067416, 5896.483146067416, 5920.842696629214, 5920.842696629214, 5928.842696629214, 5928.842696629214, 6050.202247191011, 6050.202247191011]"


Nederland, 1000 runs, hillclimber die stopt na 1000000. 25/06/2024  run_21

"x, punten voor lijn tekenen", "[1, 4, 5, 6, 10, 60, 70, 170, 701, 1104, 1742, 5837, 329732, 522430, 651937]"
"y, punten voor lijn tekenen", "[3693.168539325843, 3796.089887640449, 3913.4494382022467, 4374.52808988764, 4608.887640449438, 4666.52808988764, 5266.685393258427, 5347.685393258427, 5381.044943820225, 5393.685393258427, 5652.76404494382, 5885.483146067416, 5958.842696629214, 5965.842696629214, 5980.842696629214]"
"x, punten van verbetering", "[1, 1, 4, 4, 5, 5, 6, 6, 10, 10, 60, 60, 70, 70, 170, 170, 701, 701, 1104, 1104, 1742, 1742, 5837, 5837, 329732, 329732, 522430, 522430, 651937, 651937, 1000000]"
"y, punten van verbetering", "[3063.730337078652, 3693.168539325843, 3693.168539325843, 3796.089887640449, 3796.089887640449, 3913.4494382022467, 3913.4494382022467, 4374.52808988764, 4374.52808988764, 4608.887640449438, 4608.887640449438, 4666.52808988764, 4666.52808988764, 5266.685393258427, 5266.685393258427, 5347.685393258427, 5347.685393258427, 5381.044943820225, 5381.044943820225, 5393.685393258427, 5393.685393258427, 5652.76404494382, 5652.76404494382, 5885.483146067416, 5885.483146067416, 5958.842696629214, 5958.842696629214, 5965.842696629214, 5965.842696629214, 5980.842696629214, 5980.842696629214]"


Nederland, 1000 runs, hillclimber die stopt na 1000000. 25/06/2024  run_22

"x, punten voor lijn tekenen", "[1, 4, 9, 26, 38, 69, 286, 941, 3459, 5293, 50718, 192178, 975107]"
"y, punten voor lijn tekenen", "[4045.2471910112363, 4094.168539325843, 4290.808988764045, 4647.887640449438, 5067.966292134832, 5270.685393258427, 5338.685393258427, 5343.685393258427, 5508.404494382023, 5710.123595505618, 5911.483146067416, 5973.483146067416, 5984.842696629214]"
"x, punten van verbetering", "[1, 1, 4, 4, 9, 9, 26, 26, 38, 38, 69, 69, 286, 286, 941, 941, 3459, 3459, 5293, 5293, 50718, 50718, 192178, 192178, 975107, 975107, 1000000]"
"y, punten van verbetering", "[3063.730337078652, 4045.2471910112363, 4045.2471910112363, 4094.168539325843, 4094.168539325843, 4290.808988764045, 4290.808988764045, 4647.887640449438, 4647.887640449438, 5067.966292134832, 5067.966292134832, 5270.685393258427, 5270.685393258427, 5338.685393258427, 5338.685393258427, 5343.685393258427, 5343.685393258427, 5508.404494382023, 5508.404494382023, 5710.123595505618, 5710.123595505618, 5911.483146067416, 5911.483146067416, 5973.483146067416, 5973.483146067416, 5984.842696629214, 5984.842696629214]"


Nederland, 1000 runs, hillclimber die stopt na 1000000. 25/06/2024  run_23

"x, punten voor lijn tekenen", "[1, 4, 17, 18, 38, 49, 57, 145, 146, 319, 2055, 6694, 8270, 50407, 697702, 736790]"
"y, punten voor lijn tekenen", "[3487.4494382022467, 3887.8089887640454, 4034.730337078652, 4604.52808988764, 4685.52808988764, 4748.887640449438, 4927.606741573034, 5057.966292134832, 5374.044943820225, 5393.685393258427, 5603.76404494382, 5680.76404494382, 5821.123595505618, 5905.483146067416, 6000.842696629214, 6007.842696629214]"
"x, punten van verbetering", "[1, 1, 4, 4, 17, 17, 18, 18, 38, 38, 49, 49, 57, 57, 145, 145, 146, 146, 319, 319, 2055, 2055, 6694, 6694, 8270, 8270, 50407, 50407, 697702, 697702, 736790, 736790, 1000000]"
"y, punten van verbetering", "[3063.730337078652, 3487.4494382022467, 3487.4494382022467, 3887.8089887640454, 3887.8089887640454, 4034.730337078652, 4034.730337078652, 4604.52808988764, 4604.52808988764, 4685.52808988764, 4685.52808988764, 4748.887640449438, 4748.887640449438, 4927.606741573034, 4927.606741573034, 5057.966292134832, 5057.966292134832, 5374.044943820225, 5374.044943820225, 5393.685393258427, 5393.685393258427, 5603.76404494382, 5603.76404494382, 5680.76404494382, 5680.76404494382, 5821.123595505618, 5821.123595505618, 5905.483146067416, 5905.483146067416, 6000.842696629214, 6000.842696629214, 6007.842696629214, 6007.842696629214]"


Nederland, 1000 runs, hillclimber die stopt na 1000000. 25/06/2024  run_24

"x, punten voor lijn tekenen", "[1, 3, 8, 12, 13, 15, 16, 31, 53, 412, 499, 4482, 16346, 18059, 23141, 33165, 148679, 148901, 445498, 456880, 854678]"
"y, punten voor lijn tekenen", "[3817.52808988764, 3951.168539325843, 3975.089887640449, 4399.52808988764, 4655.247191011236, 4701.887640449438, 4921.606741573034, 5207.3258426966295, 5257.685393258427, 5368.044943820225, 5532.404494382023, 5664.76404494382, 5675.76404494382, 5730.123595505618, 5732.123595505618, 5793.123595505618, 5829.483146067416, 5862.483146067416, 5882.483146067416, 6021.842696629214, 6180.561797752809]"
"x, punten van verbetering", "[1, 1, 3, 3, 8, 8, 12, 12, 13, 13, 15, 15, 16, 16, 31, 31, 53, 53, 412, 412, 499, 499, 4482, 4482, 16346, 16346, 18059, 18059, 23141, 23141, 33165, 33165, 148679, 148679, 148901, 148901, 445498, 445498, 456880, 456880, 854678, 854678, 1000000]"
"y, punten van verbetering", "[3063.730337078652, 3817.52808988764, 3817.52808988764, 3951.168539325843, 3951.168539325843, 3975.089887640449, 3975.089887640449, 4399.52808988764, 4399.52808988764, 4655.247191011236, 4655.247191011236, 4701.887640449438, 4701.887640449438, 4921.606741573034, 4921.606741573034, 5207.3258426966295, 5207.3258426966295, 5257.685393258427, 5257.685393258427, 5368.044943820225, 5368.044943820225, 5532.404494382023, 5532.404494382023, 5664.76404494382, 5664.76404494382, 5675.76404494382, 5675.76404494382, 5730.123595505618, 5730.123595505618, 5732.123595505618, 5732.123595505618, 5793.123595505618, 5793.123595505618, 5829.483146067416, 5829.483146067416, 5862.483146067416, 5862.483146067416, 5882.483146067416, 5882.483146067416, 6021.842696629214, 6021.842696629214, 6180.561797752809, 6180.561797752809]"


Nederland, 1000 runs, hillclimber die stopt na 1000000. 25/06/2024  run_25

"x, punten voor lijn tekenen", "[1, 2, 3, 4, 54, 55, 58, 88, 1171, 2034, 5054, 17326, 18969, 167417, 522841, 903495]"
"y, punten voor lijn tekenen", "[3915.8876404494376, 4103.887640449438, 4401.606741573034, 4595.966292134832, 4606.52808988764, 5038.966292134832, 5087.966292134832, 5426.044943820225, 5497.404494382023, 5566.404494382023, 5592.76404494382, 5776.123595505618, 5857.483146067416, 5859.483146067416, 5930.842696629214, 5994.202247191011]"
"x, punten van verbetering", "[1, 1, 2, 2, 3, 3, 4, 4, 54, 54, 55, 55, 58, 58, 88, 88, 1171, 1171, 2034, 2034, 5054, 5054, 17326, 17326, 18969, 18969, 167417, 167417, 522841, 522841, 903495, 903495, 1000000]"
"y, punten van verbetering", "[3063.730337078652, 3915.8876404494376, 3915.8876404494376, 4103.887640449438, 4103.887640449438, 4401.606741573034, 4401.606741573034, 4595.966292134832, 4595.966292134832, 4606.52808988764, 4606.52808988764, 5038.966292134832, 5038.966292134832, 5087.966292134832, 5087.966292134832, 5426.044943820225, 5426.044943820225, 5497.404494382023, 5497.404494382023, 5566.404494382023, 5566.404494382023, 5592.76404494382, 5592.76404494382, 5776.123595505618, 5776.123595505618, 5857.483146067416, 5857.483146067416, 5859.483146067416, 5859.483146067416, 5930.842696629214, 5930.842696629214, 5994.202247191011, 5994.202247191011]"


Nederland, 1000 runs, hillclimber die stopt na 1000000. 25/06/2024  run_26

"x, punten voor lijn tekenen", "[1, 4, 5, 6, 18, 50, 134, 777, 1680, 1715, 3562, 4723, 10104, 20191, 187436, 941360]"
"y, punten voor lijn tekenen", "[3424.089887640449, 3524.011235955056, 3663.011235955056, 4589.887640449438, 4789.887640449438, 5322.685393258427, 5498.404494382023, 5500.404494382023, 5534.404494382023, 5538.404494382023, 5556.404494382023, 5662.123595505618, 5725.123595505618, 5875.483146067416, 6060.202247191011, 6061.202247191011]"
"x, punten van verbetering", "[1, 1, 4, 4, 5, 5, 6, 6, 18, 18, 50, 50, 134, 134, 777, 777, 1680, 1680, 1715, 1715, 3562, 3562, 4723, 4723, 10104, 10104, 20191, 20191, 187436, 187436, 941360, 941360, 1000000]"
"y, punten van verbetering", "[3063.730337078652, 3424.089887640449, 3424.089887640449, 3524.011235955056, 3524.011235955056, 3663.011235955056, 3663.011235955056, 4589.887640449438, 4589.887640449438, 4789.887640449438, 4789.887640449438, 5322.685393258427, 5322.685393258427, 5498.404494382023, 5498.404494382023, 5500.404494382023, 5500.404494382023, 5534.404494382023, 5534.404494382023, 5538.404494382023, 5538.404494382023, 5556.404494382023, 5556.404494382023, 5662.123595505618, 5662.123595505618, 5725.123595505618, 5725.123595505618, 5875.483146067416, 5875.483146067416, 6060.202247191011, 6060.202247191011, 6061.202247191011, 6061.202247191011]"


Nederland, 1000 runs, hillclimber die stopt na 1000000. 25/06/2024  run_27

"x, punten voor lijn tekenen", "[1, 3, 4, 6, 38, 42, 43, 167, 211, 845, 846, 13537, 57111, 114445]"
"y, punten voor lijn tekenen", "[3362.089887640449, 3728.089887640449, 4211.168539325843, 4672.247191011236, 4717.887640449438, 4795.247191011236, 5012.966292134832, 5138.966292134832, 5328.685393258427, 5448.404494382023, 5669.123595505618, 5765.123595505618, 5852.483146067416, 6108.202247191011]"
"x, punten van verbetering", "[1, 1, 3, 3, 4, 4, 6, 6, 38, 38, 42, 42, 43, 43, 167, 167, 211, 211, 845, 845, 846, 846, 13537, 13537, 57111, 57111, 114445, 114445, 1000000]"
"y, punten van verbetering", "[3063.730337078652, 3362.089887640449, 3362.089887640449, 3728.089887640449, 3728.089887640449, 4211.168539325843, 4211.168539325843, 4672.247191011236, 4672.247191011236, 4717.887640449438, 4717.887640449438, 4795.247191011236, 4795.247191011236, 5012.966292134832, 5012.966292134832, 5138.966292134832, 5138.966292134832, 5328.685393258427, 5328.685393258427, 5448.404494382023, 5448.404494382023, 5669.123595505618, 5669.123595505618, 5765.123595505618, 5765.123595505618, 5852.483146067416, 5852.483146067416, 6108.202247191011, 6108.202247191011]"


Nederland, 1000 runs, hillclimber die stopt na 1000000. 25/06/2024  run_28

"x, punten voor lijn tekenen", "[1, 2, 11, 13, 22, 31, 32, 312, 2026, 5304, 8903, 195535, 267911, 479331, 479332]"
"y, punten voor lijn tekenen", "[4023.2471910112363, 4543.3258426966295, 4745.887640449438, 4797.247191011236, 4918.606741573034, 5284.685393258427, 5378.044943820225, 5521.404494382023, 5555.404494382023, 5887.483146067416, 5902.483146067416, 5940.842696629214, 5954.842696629214, 5982.842696629214, 5984.842696629214]"
"x, punten van verbetering", "[1, 1, 2, 2, 11, 11, 13, 13, 22, 22, 31, 31, 32, 32, 312, 312, 2026, 2026, 5304, 5304, 8903, 8903, 195535, 195535, 267911, 267911, 479331, 479331, 479332, 479332, 1000000]"
"y, punten van verbetering", "[3063.730337078652, 4023.2471910112363, 4023.2471910112363, 4543.3258426966295, 4543.3258426966295, 4745.887640449438, 4745.887640449438, 4797.247191011236, 4797.247191011236, 4918.606741573034, 4918.606741573034, 5284.685393258427, 5284.685393258427, 5378.044943820225, 5378.044943820225, 5521.404494382023, 5521.404494382023, 5555.404494382023, 5555.404494382023, 5887.483146067416, 5887.483146067416, 5902.483146067416, 5902.483146067416, 5940.842696629214, 5940.842696629214, 5954.842696629214, 5954.842696629214, 5982.842696629214, 5982.842696629214, 5984.842696629214, 5984.842696629214]"


Nederland, 1000 runs, hillclimber die stopt na 1000000. 25/06/2024  run_29

"x, punten voor lijn tekenen", "[1, 2, 12, 24, 65, 3511, 7617, 10723, 12145, 26862, 280739, 342719, 433871]"
"y, punten voor lijn tekenen", "[4028.2471910112363, 4655.685393258427, 4854.247191011236, 4967.606741573034, 5427.044943820225, 5469.404494382023, 5525.404494382023, 5578.404494382023, 5838.483146067416, 5869.483146067416, 5870.483146067416, 5926.483146067416, 5938.842696629214]"
"x, punten van verbetering", "[1, 1, 2, 2, 12, 12, 24, 24, 65, 65, 3511, 3511, 7617, 7617, 10723, 10723, 12145, 12145, 26862, 26862, 280739, 280739, 342719, 342719, 433871, 433871, 1000000]"
"y, punten van verbetering", "[3063.730337078652, 4028.2471910112363, 4028.2471910112363, 4655.685393258427, 4655.685393258427, 4854.247191011236, 4854.247191011236, 4967.606741573034, 4967.606741573034, 5427.044943820225, 5427.044943820225, 5469.404494382023, 5469.404494382023, 5525.404494382023, 5525.404494382023, 5578.404494382023, 5578.404494382023, 5838.483146067416, 5838.483146067416, 5869.483146067416, 5869.483146067416, 5870.483146067416, 5870.483146067416, 5926.483146067416, 5926.483146067416, 5938.842696629214, 5938.842696629214]"


Nederland, 1000 runs, hillclimber die stopt na 1000000. 25/06/2024  run_30

"x, punten voor lijn tekenen", "[1, 7, 8, 37, 128, 129, 741, 1129, 4129, 4744, 31322, 36102, 82398, 85022]"
"y, punten voor lijn tekenen", "[4119.606741573034, 4359.52808988764, 4866.966292134832, 4879.247191011236, 5083.966292134832, 5219.3258426966295, 5266.685393258427, 5464.044943820225, 5539.404494382023, 5671.76404494382, 5736.123595505618, 5779.123595505618, 5924.483146067416, 6061.202247191011]"
"x, punten van verbetering", "[1, 1, 7, 7, 8, 8, 37, 37, 128, 128, 129, 129, 741, 741, 1129, 1129, 4129, 4129, 4744, 4744, 31322, 31322, 36102, 36102, 82398, 82398, 85022, 85022, 1000000]"
"y, punten van verbetering", "[3063.730337078652, 4119.606741573034, 4119.606741573034, 4359.52808988764, 4359.52808988764, 4866.966292134832, 4866.966292134832, 4879.247191011236, 4879.247191011236, 5083.966292134832, 5083.966292134832, 5219.3258426966295, 5219.3258426966295, 5266.685393258427, 5266.685393258427, 5464.044943820225, 5464.044943820225, 5539.404494382023, 5539.404494382023, 5671.76404494382, 5671.76404494382, 5736.123595505618, 5736.123595505618, 5779.123595505618, 5779.123595505618, 5924.483146067416, 5924.483146067416, 6061.202247191011, 6061.202247191011]"


Nederland, 1000 runs, hillclimber die stopt na 1000000. 25/06/2024  run_31

"x, punten voor lijn tekenen", "[2, 3, 5, 6, 7, 10, 41, 78, 79, 81, 84, 250, 569, 759, 973, 1157, 5585, 7366, 55365, 61700, 379032, 439062, 610986]"
"y, punten voor lijn tekenen", "[3234.3707865168544, 3780.4494382022467, 4087.168539325843, 4440.887640449438, 4698.247191011236, 4795.606741573034, 4978.606741573034, 5077.966292134832, 5096.966292134832, 5111.966292134832, 5179.3258426966295, 5241.3258426966295, 5349.685393258427, 5405.044943820225, 5432.044943820225, 5442.044943820225, 5616.76404494382, 5751.123595505618, 5752.123595505618, 5881.483146067416, 5997.842696629214, 6068.842696629214, 6072.202247191011]"
"x, punten van verbetering", "[2, 2, 3, 3, 5, 5, 6, 6, 7, 7, 10, 10, 41, 41, 78, 78, 79, 79, 81, 81, 84, 84, 250, 250, 569, 569, 759, 759, 973, 973, 1157, 1157, 5585, 5585, 7366, 7366, 55365, 55365, 61700, 61700, 379032, 379032, 439062, 439062, 610986, 610986, 1000000]"
"y, punten van verbetering", "[3063.730337078652, 3234.3707865168544, 3234.3707865168544, 3780.4494382022467, 3780.4494382022467, 4087.168539325843, 4087.168539325843, 4440.887640449438, 4440.887640449438, 4698.247191011236, 4698.247191011236, 4795.606741573034, 4795.606741573034, 4978.606741573034, 4978.606741573034, 5077.966292134832, 5077.966292134832, 5096.966292134832, 5096.966292134832, 5111.966292134832, 5111.966292134832, 5179.3258426966295, 5179.3258426966295, 5241.3258426966295, 5241.3258426966295, 5349.685393258427, 5349.685393258427, 5405.044943820225, 5405.044943820225, 5432.044943820225, 5432.044943820225, 5442.044943820225, 5442.044943820225, 5616.76404494382, 5616.76404494382, 5751.123595505618, 5751.123595505618, 5752.123595505618, 5752.123595505618, 5881.483146067416, 5881.483146067416, 5997.842696629214, 5997.842696629214, 6068.842696629214, 6068.842696629214, 6072.202247191011, 6072.202247191011]"


Nederland, 1000 runs, hillclimber die stopt na 1000000. 25/06/2024  run_32

"x, punten voor lijn tekenen", "[1, 2, 3, 5, 10, 11, 29, 38, 47, 71, 1133, 2139, 3404, 11496, 23674, 182593, 427860, 430258, 437165]"
"y, punten voor lijn tekenen", "[3829.52808988764, 3886.168539325843, 4124.52808988764, 4203.168539325843, 4323.808988764045, 4814.247191011236, 4839.247191011236, 4905.247191011236, 5277.685393258427, 5346.044943820225, 5483.044943820225, 5572.404494382023, 5612.76404494382, 5640.76404494382, 5817.483146067416, 5918.842696629214, 5936.842696629214, 5955.842696629214, 6052.202247191011]"
"x, punten van verbetering", "[1, 1, 2, 2, 3, 3, 5, 5, 10, 10, 11, 11, 29, 29, 38, 38, 47, 47, 71, 71, 1133, 1133, 2139, 2139, 3404, 3404, 11496, 11496, 23674, 23674, 182593, 182593, 427860, 427860, 430258, 430258, 437165, 437165, 1000000]"
"y, punten van verbetering", "[3063.730337078652, 3829.52808988764, 3829.52808988764, 3886.168539325843, 3886.168539325843, 4124.52808988764, 4124.52808988764, 4203.168539325843, 4203.168539325843, 4323.808988764045, 4323.808988764045, 4814.247191011236, 4814.247191011236, 4839.247191011236, 4839.247191011236, 4905.247191011236, 4905.247191011236, 5277.685393258427, 5277.685393258427, 5346.044943820225, 5346.044943820225, 5483.044943820225, 5483.044943820225, 5572.404494382023, 5572.404494382023, 5612.76404494382, 5612.76404494382, 5640.76404494382, 5640.76404494382, 5817.483146067416, 5817.483146067416, 5918.842696629214, 5918.842696629214, 5936.842696629214, 5936.842696629214, 5955.842696629214, 5955.842696629214, 6052.202247191011, 6052.202247191011]"


Nederland, 1000 runs, hillclimber die stopt na 1000000. 25/06/2024  run_33

"x, punten voor lijn tekenen", "[1, 5, 20, 79, 519, 558, 1465, 3156, 3157, 3220, 3574, 10150, 19976, 20239, 60465, 69641, 648560, 783550]"
"y, punten voor lijn tekenen", "[4262.966292134832, 4973.685393258427, 5122.3258426966295, 5183.3258426966295, 5227.3258426966295, 5405.044943820225, 5421.044943820225, 5456.044943820225, 5497.404494382023, 5552.404494382023, 5610.76404494382, 5622.76404494382, 5782.123595505618, 5792.123595505618, 5832.123595505618, 5895.483146067416, 5949.842696629214, 6106.202247191011]"
"x, punten van verbetering", "[1, 1, 5, 5, 20, 20, 79, 79, 519, 519, 558, 558, 1465, 1465, 3156, 3156, 3157, 3157, 3220, 3220, 3574, 3574, 10150, 10150, 19976, 19976, 20239, 20239, 60465, 60465, 69641, 69641, 648560, 648560, 783550, 783550, 1000000]"
"y, punten van verbetering", "[3063.730337078652, 4262.966292134832, 4262.966292134832, 4973.685393258427, 4973.685393258427, 5122.3258426966295, 5122.3258426966295, 5183.3258426966295, 5183.3258426966295, 5227.3258426966295, 5227.3258426966295, 5405.044943820225, 5405.044943820225, 5421.044943820225, 5421.044943820225, 5456.044943820225, 5456.044943820225, 5497.404494382023, 5497.404494382023, 5552.404494382023, 5552.404494382023, 5610.76404494382, 5610.76404494382, 5622.76404494382, 5622.76404494382, 5782.123595505618, 5782.123595505618, 5792.123595505618, 5792.123595505618, 5832.123595505618, 5832.123595505618, 5895.483146067416, 5895.483146067416, 5949.842696629214, 5949.842696629214, 6106.202247191011, 6106.202247191011]"


Nederland, 1000 runs, hillclimber die stopt na 1000000. 25/06/2024  run_34

"x, punten voor lijn tekenen", "[1, 33, 37, 38, 62, 75, 116, 1704, 3367, 3418, 36321, 249474]"
"y, punten voor lijn tekenen", "[4488.685393258427, 4518.168539325843, 4726.887640449438, 4828.247191011236, 5060.606741573034, 5224.3258426966295, 5467.404494382023, 5502.404494382023, 5588.76404494382, 5784.123595505618, 5908.483146067416, 5972.842696629214]"
"x, punten van verbetering", "[1, 1, 33, 33, 37, 37, 38, 38, 62, 62, 75, 75, 116, 116, 1704, 1704, 3367, 3367, 3418, 3418, 36321, 36321, 249474, 249474, 1000000]"
"y, punten van verbetering", "[3063.730337078652, 4488.685393258427, 4488.685393258427, 4518.168539325843, 4518.168539325843, 4726.887640449438, 4726.887640449438, 4828.247191011236, 4828.247191011236, 5060.606741573034, 5060.606741573034, 5224.3258426966295, 5224.3258426966295, 5467.404494382023, 5467.404494382023, 5502.404494382023, 5502.404494382023, 5588.76404494382, 5588.76404494382, 5784.123595505618, 5784.123595505618, 5908.483146067416, 5908.483146067416, 5972.842696629214, 5972.842696629214]"


Nederland, 1000 runs, hillclimber die stopt na 1000000. 25/06/2024  run_35

"x, punten voor lijn tekenen", "[1, 2, 5, 7, 18, 20, 33, 39, 109, 211, 1496, 1613, 2092, 7461, 8612, 17400, 48245, 65412, 938445, 938446]"
"y, punten voor lijn tekenen", "[3697.168539325843, 4027.8876404494376, 4330.887640449438, 4559.247191011236, 4670.52808988764, 4905.247191011236, 4948.606741573034, 5268.685393258427, 5377.044943820225, 5422.044943820225, 5423.044943820225, 5462.044943820225, 5504.404494382023, 5608.76404494382, 5641.76404494382, 5748.123595505618, 5916.842696629214, 5968.842696629214, 6117.202247191011, 6128.202247191011]"
"x, punten van verbetering", "[1, 1, 2, 2, 5, 5, 7, 7, 18, 18, 20, 20, 33, 33, 39, 39, 109, 109, 211, 211, 1496, 1496, 1613, 1613, 2092, 2092, 7461, 7461, 8612, 8612, 17400, 17400, 48245, 48245, 65412, 65412, 938445, 938445, 938446, 938446, 1000000]"
"y, punten van verbetering", "[3063.730337078652, 3697.168539325843, 3697.168539325843, 4027.8876404494376, 4027.8876404494376, 4330.887640449438, 4330.887640449438, 4559.247191011236, 4559.247191011236, 4670.52808988764, 4670.52808988764, 4905.247191011236, 4905.247191011236, 4948.606741573034, 4948.606741573034, 5268.685393258427, 5268.685393258427, 5377.044943820225, 5377.044943820225, 5422.044943820225, 5422.044943820225, 5423.044943820225, 5423.044943820225, 5462.044943820225, 5462.044943820225, 5504.404494382023, 5504.404494382023, 5608.76404494382, 5608.76404494382, 5641.76404494382, 5641.76404494382, 5748.123595505618, 5748.123595505618, 5916.842696629214, 5916.842696629214, 5968.842696629214, 5968.842696629214, 6117.202247191011, 6117.202247191011, 6128.202247191011, 6128.202247191011]"


Nederland, 1000 runs, hillclimber die stopt na 1000000. 25/06/2024  run_36

"x, punten voor lijn tekenen", "[1, 3, 6, 15, 20, 27, 46, 85, 132, 697, 803, 923, 1192, 4084, 4842, 19035, 85899, 204726, 331526, 379142, 596156, 781682]"
"y, punten voor lijn tekenen", "[3240.730337078652, 3460.011235955056, 3899.089887640449, 4226.449438202247, 4539.52808988764, 4674.887640449438, 5038.966292134832, 5082.966292134832, 5196.966292134832, 5269.685393258427, 5306.685393258427, 5411.044943820225, 5601.76404494382, 5629.76404494382, 5664.76404494382, 5742.123595505618, 5837.483146067416, 5905.842696629214, 5967.842696629214, 5969.842696629214, 6056.202247191011, 6095.202247191011]"
"x, punten van verbetering", "[1, 1, 3, 3, 6, 6, 15, 15, 20, 20, 27, 27, 46, 46, 85, 85, 132, 132, 697, 697, 803, 803, 923, 923, 1192, 1192, 4084, 4084, 4842, 4842, 19035, 19035, 85899, 85899, 204726, 204726, 331526, 331526, 379142, 379142, 596156, 596156, 781682, 781682, 1000000]"
"y, punten van verbetering", "[3063.730337078652, 3240.730337078652, 3240.730337078652, 3460.011235955056, 3460.011235955056, 3899.089887640449, 3899.089887640449, 4226.449438202247, 4226.449438202247, 4539.52808988764, 4539.52808988764, 4674.887640449438, 4674.887640449438, 5038.966292134832, 5038.966292134832, 5082.966292134832, 5082.966292134832, 5196.966292134832, 5196.966292134832, 5269.685393258427, 5269.685393258427, 5306.685393258427, 5306.685393258427, 5411.044943820225, 5411.044943820225, 5601.76404494382, 5601.76404494382, 5629.76404494382, 5629.76404494382, 5664.76404494382, 5664.76404494382, 5742.123595505618, 5742.123595505618, 5837.483146067416, 5837.483146067416, 5905.842696629214, 5905.842696629214, 5967.842696629214, 5967.842696629214, 5969.842696629214, 5969.842696629214, 6056.202247191011, 6056.202247191011, 6095.202247191011, 6095.202247191011]"


Nederland, 1000 runs, hillclimber die stopt na 1000000. 25/06/2024  run_37

"x, punten voor lijn tekenen", "[3, 4, 6, 7, 9, 21, 146, 163, 330, 405, 1421, 2686, 2687, 214035, 586057]"
"y, punten voor lijn tekenen", "[3962.52808988764, 4515.966292134832, 4596.606741573034, 4635.606741573034, 4804.247191011236, 4873.247191011236, 4935.606741573034, 5113.966292134832, 5166.3258426966295, 5367.685393258427, 5521.404494382023, 5566.404494382023, 5858.483146067416, 5954.842696629214, 5965.842696629214]"
"x, punten van verbetering", "[3, 3, 4, 4, 6, 6, 7, 7, 9, 9, 21, 21, 146, 146, 163, 163, 330, 330, 405, 405, 1421, 1421, 2686, 2686, 2687, 2687, 214035, 214035, 586057, 586057, 1000000]"
"y, punten van verbetering", "[3063.730337078652, 3962.52808988764, 3962.52808988764, 4515.966292134832, 4515.966292134832, 4596.606741573034, 4596.606741573034, 4635.606741573034, 4635.606741573034, 4804.247191011236, 4804.247191011236, 4873.247191011236, 4873.247191011236, 4935.606741573034, 4935.606741573034, 5113.966292134832, 5113.966292134832, 5166.3258426966295, 5166.3258426966295, 5367.685393258427, 5367.685393258427, 5521.404494382023, 5521.404494382023, 5566.404494382023, 5566.404494382023, 5858.483146067416, 5858.483146067416, 5954.842696629214, 5954.842696629214, 5965.842696629214, 5965.842696629214]"


Nederland, 1000 runs, hillclimber die stopt na 1000000. 25/06/2024  run_38

"x, punten voor lijn tekenen", "[1, 3, 4, 5, 27, 171, 370, 524, 852, 8288, 481876]"
"y, punten voor lijn tekenen", "[3602.8089887640454, 4007.168539325843, 4521.606741573034, 4579.247191011236, 5162.3258426966295, 5236.3258426966295, 5314.685393258427, 5380.044943820225, 5611.76404494382, 5972.842696629214, 6178.561797752809]"
"x, punten van verbetering", "[1, 1, 3, 3, 4, 4, 5, 5, 27, 27, 171, 171, 370, 370, 524, 524, 852, 852, 8288, 8288, 481876, 481876, 1000000]"
"y, punten van verbetering", "[3063.730337078652, 3602.8089887640454, 3602.8089887640454, 4007.168539325843, 4007.168539325843, 4521.606741573034, 4521.606741573034, 4579.247191011236, 4579.247191011236, 5162.3258426966295, 5162.3258426966295, 5236.3258426966295, 5236.3258426966295, 5314.685393258427, 5314.685393258427, 5380.044943820225, 5380.044943820225, 5611.76404494382, 5611.76404494382, 5972.842696629214, 5972.842696629214, 6178.561797752809, 6178.561797752809]"


Nederland, 1000 runs, hillclimber die stopt na 1000000. 25/06/2024  run_39

"x, punten voor lijn tekenen", "[2, 13, 20, 39, 217, 322, 829, 1689, 6993, 7938, 31789, 43524, 45619, 447505, 502039, 561314]"
"y, punten voor lijn tekenen", "[4239.606741573034, 4300.449438202247, 4922.247191011236, 5110.966292134832, 5285.685393258427, 5451.044943820225, 5475.404494382023, 5500.044943820225, 5503.404494382023, 5654.76404494382, 5711.123595505618, 5874.483146067416, 5876.483146067416, 5880.483146067416, 5967.842696629214, 6171.561797752809]"
"x, punten van verbetering", "[2, 2, 13, 13, 20, 20, 39, 39, 217, 217, 322, 322, 829, 829, 1689, 1689, 6993, 6993, 7938, 7938, 31789, 31789, 43524, 43524, 45619, 45619, 447505, 447505, 502039, 502039, 561314, 561314, 1000000]"
"y, punten van verbetering", "[3063.730337078652, 4239.606741573034, 4239.606741573034, 4300.449438202247, 4300.449438202247, 4922.247191011236, 4922.247191011236, 5110.966292134832, 5110.966292134832, 5285.685393258427, 5285.685393258427, 5451.044943820225, 5451.044943820225, 5475.404494382023, 5475.404494382023, 5500.044943820225, 5500.044943820225, 5503.404494382023, 5503.404494382023, 5654.76404494382, 5654.76404494382, 5711.123595505618, 5711.123595505618, 5874.483146067416, 5874.483146067416, 5876.483146067416, 5876.483146067416, 5880.483146067416, 5880.483146067416, 5967.842696629214, 5967.842696629214, 6171.561797752809, 6171.561797752809]"


Nederland, 1000 runs, hillclimber die stopt na 1000000. 25/06/2024  run_40

"x, punten voor lijn tekenen", "[1, 8, 9, 10, 23, 26, 28, 53, 162, 386, 2531, 7006, 11246, 11619, 32357, 63775, 99760, 646072]"
"y, punten voor lijn tekenen", "[3601.8089887640454, 3708.011235955056, 3830.3707865168544, 4137.449438202247, 4263.449438202247, 4623.52808988764, 4832.247191011236, 5147.3258426966295, 5511.404494382023, 5520.404494382023, 5554.044943820225, 5569.404494382023, 5583.76404494382, 5726.123595505618, 5793.123595505618, 5838.483146067416, 5889.483146067416, 6046.842696629214]"
"x, punten van verbetering", "[1, 1, 8, 8, 9, 9, 10, 10, 23, 23, 26, 26, 28, 28, 53, 53, 162, 162, 386, 386, 2531, 2531, 7006, 7006, 11246, 11246, 11619, 11619, 32357, 32357, 63775, 63775, 99760, 99760, 646072, 646072, 1000000]"
"y, punten van verbetering", "[3063.730337078652, 3601.8089887640454, 3601.8089887640454, 3708.011235955056, 3708.011235955056, 3830.3707865168544, 3830.3707865168544, 4137.449438202247, 4137.449438202247, 4263.449438202247, 4263.449438202247, 4623.52808988764, 4623.52808988764, 4832.247191011236, 4832.247191011236, 5147.3258426966295, 5147.3258426966295, 5511.404494382023, 5511.404494382023, 5520.404494382023, 5520.404494382023, 5554.044943820225, 5554.044943820225, 5569.404494382023, 5569.404494382023, 5583.76404494382, 5583.76404494382, 5726.123595505618, 5726.123595505618, 5793.123595505618, 5793.123595505618, 5838.483146067416, 5838.483146067416, 5889.483146067416, 5889.483146067416, 6046.842696629214, 6046.842696629214]"


Nederland, 1000 runs, hillclimber die stopt na 1000000. 25/06/2024  run_41

"x, punten voor lijn tekenen", "[1, 4, 5, 8, 9, 10, 28, 128, 289, 1030, 4602, 20777, 44545, 54929, 154327, 235817, 553182, 960008]"
"y, punten voor lijn tekenen", "[3137.3707865168544, 3407.011235955056, 3617.011235955056, 4092.4494382022467, 4418.52808988764, 4936.966292134832, 5201.3258426966295, 5266.685393258427, 5314.685393258427, 5536.404494382023, 5668.76404494382, 5789.123595505618, 5853.483146067416, 5882.483146067416, 5882.842696629214, 5888.483146067416, 5899.483146067416, 5919.842696629214]"
"x, punten van verbetering", "[1, 1, 4, 4, 5, 5, 8, 8, 9, 9, 10, 10, 28, 28, 128, 128, 289, 289, 1030, 1030, 4602, 4602, 20777, 20777, 44545, 44545, 54929, 54929, 154327, 154327, 235817, 235817, 553182, 553182, 960008, 960008, 1000000]"
"y, punten van verbetering", "[3063.730337078652, 3137.3707865168544, 3137.3707865168544, 3407.011235955056, 3407.011235955056, 3617.011235955056, 3617.011235955056, 4092.4494382022467, 4092.4494382022467, 4418.52808988764, 4418.52808988764, 4936.966292134832, 4936.966292134832, 5201.3258426966295, 5201.3258426966295, 5266.685393258427, 5266.685393258427, 5314.685393258427, 5314.685393258427, 5536.404494382023, 5536.404494382023, 5668.76404494382, 5668.76404494382, 5789.123595505618, 5789.123595505618, 5853.483146067416, 5853.483146067416, 5882.483146067416, 5882.483146067416, 5882.842696629214, 5882.842696629214, 5888.483146067416, 5888.483146067416, 5899.483146067416, 5899.483146067416, 5919.842696629214, 5919.842696629214]"


Nederland, 1000 runs, hillclimber die stopt na 1000000. 25/06/2024  run_42

"x, punten voor lijn tekenen", "[1, 9, 10, 21, 44, 45, 53, 18337, 19490, 107424, 780370]"
"y, punten voor lijn tekenen", "[4014.2471910112363, 4039.4494382022467, 4376.168539325843, 4915.606741573034, 5318.685393258427, 5526.404494382023, 5601.76404494382, 5639.76404494382, 5830.123595505618, 5887.483146067416, 6308.921348314607]"
"x, punten van verbetering", "[1, 1, 9, 9, 10, 10, 21, 21, 44, 44, 45, 45, 53, 53, 18337, 18337, 19490, 19490, 107424, 107424, 780370, 780370, 1000000]"
"y, punten van verbetering", "[3063.730337078652, 4014.2471910112363, 4014.2471910112363, 4039.4494382022467, 4039.4494382022467, 4376.168539325843, 4376.168539325843, 4915.606741573034, 4915.606741573034, 5318.685393258427, 5318.685393258427, 5526.404494382023, 5526.404494382023, 5601.76404494382, 5601.76404494382, 5639.76404494382, 5639.76404494382, 5830.123595505618, 5830.123595505618, 5887.483146067416, 5887.483146067416, 6308.921348314607, 6308.921348314607]"


Nederland, 1000 runs, hillclimber die stopt na 1000000. 25/06/2024  run_43

"x, punten voor lijn tekenen", "[1, 2, 3, 10, 15, 16, 25, 68, 320, 338, 480, 904, 2929]"
"y, punten voor lijn tekenen", "[3137.3707865168544, 4136.887640449438, 4162.887640449438, 4463.52808988764, 4513.52808988764, 4737.247191011236, 4809.247191011236, 5100.966292134832, 5103.966292134832, 5221.3258426966295, 5365.044943820225, 5706.123595505618, 5994.842696629214]"
"x, punten van verbetering", "[1, 1, 2, 2, 3, 3, 10, 10, 15, 15, 16, 16, 25, 25, 68, 68, 320, 320, 338, 338, 480, 480, 904, 904, 2929, 2929, 1000000]"
"y, punten van verbetering", "[3063.730337078652, 3137.3707865168544, 3137.3707865168544, 4136.887640449438, 4136.887640449438, 4162.887640449438, 4162.887640449438, 4463.52808988764, 4463.52808988764, 4513.52808988764, 4513.52808988764, 4737.247191011236, 4737.247191011236, 4809.247191011236, 4809.247191011236, 5100.966292134832, 5100.966292134832, 5103.966292134832, 5103.966292134832, 5221.3258426966295, 5221.3258426966295, 5365.044943820225, 5365.044943820225, 5706.123595505618, 5706.123595505618, 5994.842696629214, 5994.842696629214]"


Nederland, 1000 runs, hillclimber die stopt na 1000000. 25/06/2024  run_44

"x, punten voor lijn tekenen", "[1, 2, 4, 8, 9, 16, 18, 19, 20, 112, 252, 423, 3598, 8414, 78113, 113748, 204197, 220534, 281670]"
"y, punten voor lijn tekenen", "[3148.3707865168544, 4084.52808988764, 4151.52808988764, 4384.168539325843, 4446.168539325843, 4467.808988764045, 4577.168539325843, 4913.247191011236, 4987.606741573034, 5068.966292134832, 5302.685393258427, 5461.044943820225, 5503.404494382023, 5762.123595505618, 5795.123595505618, 5872.483146067416, 5890.123595505618, 5947.842696629214, 6095.202247191011]"
"x, punten van verbetering", "[1, 1, 2, 2, 4, 4, 8, 8, 9, 9, 16, 16, 18, 18, 19, 19, 20, 20, 112, 112, 252, 252, 423, 423, 3598, 3598, 8414, 8414, 78113, 78113, 113748, 113748, 204197, 204197, 220534, 220534, 281670, 281670, 1000000]"
"y, punten van verbetering", "[3063.730337078652, 3148.3707865168544, 3148.3707865168544, 4084.52808988764, 4084.52808988764, 4151.52808988764, 4151.52808988764, 4384.168539325843, 4384.168539325843, 4446.168539325843, 4446.168539325843, 4467.808988764045, 4467.808988764045, 4577.168539325843, 4577.168539325843, 4913.247191011236, 4913.247191011236, 4987.606741573034, 4987.606741573034, 5068.966292134832, 5068.966292134832, 5302.685393258427, 5302.685393258427, 5461.044943820225, 5461.044943820225, 5503.404494382023, 5503.404494382023, 5762.123595505618, 5762.123595505618, 5795.123595505618, 5795.123595505618, 5872.483146067416, 5872.483146067416, 5890.123595505618, 5890.123595505618, 5947.842696629214, 5947.842696629214, 6095.202247191011, 6095.202247191011]"


Nederland, 1000 runs, hillclimber die stopt na 1000000. 25/06/2024  run_45

"x, punten voor lijn tekenen", "[3, 4, 5, 6, 19, 13330, 19624, 67545, 222554, 387701]"
"y, punten voor lijn tekenen", "[3699.089887640449, 4077.168539325843, 4452.247191011236, 4717.966292134832, 5554.404494382023, 5632.76404494382, 5725.123595505618, 5797.123595505618, 5867.483146067416, 6020.842696629214]"
"x, punten van verbetering", "[3, 3, 4, 4, 5, 5, 6, 6, 19, 19, 13330, 13330, 19624, 19624, 67545, 67545, 222554, 222554, 387701, 387701, 1000000]"
"y, punten van verbetering", "[3063.730337078652, 3699.089887640449, 3699.089887640449, 4077.168539325843, 4077.168539325843, 4452.247191011236, 4452.247191011236, 4717.966292134832, 4717.966292134832, 5554.404494382023, 5554.404494382023, 5632.76404494382, 5632.76404494382, 5725.123595505618, 5725.123595505618, 5797.123595505618, 5797.123595505618, 5867.483146067416, 5867.483146067416, 6020.842696629214, 6020.842696629214]"


Nederland, 1000 runs, hillclimber die stopt na 1000000. 25/06/2024  run_46

"x, punten voor lijn tekenen", "[1, 2, 4, 9, 11, 20, 27, 35, 147, 206, 363, 455, 4398, 6916, 112722, 125271]"
"y, punten voor lijn tekenen", "[3985.2471910112363, 4061.8876404494376, 4280.887640449438, 4458.52808988764, 4464.168539325843, 4482.168539325843, 4691.52808988764, 4914.606741573034, 5016.966292134832, 5236.3258426966295, 5388.044943820225, 5555.404494382023, 5584.404494382023, 5774.123595505618, 5838.483146067416, 6084.202247191011]"
"x, punten van verbetering", "[1, 1, 2, 2, 4, 4, 9, 9, 11, 11, 20, 20, 27, 27, 35, 35, 147, 147, 206, 206, 363, 363, 455, 455, 4398, 4398, 6916, 6916, 112722, 112722, 125271, 125271, 1000000]"
"y, punten van verbetering", "[3063.730337078652, 3985.2471910112363, 3985.2471910112363, 4061.8876404494376, 4061.8876404494376, 4280.887640449438, 4280.887640449438, 4458.52808988764, 4458.52808988764, 4464.168539325843, 4464.168539325843, 4482.168539325843, 4482.168539325843, 4691.52808988764, 4691.52808988764, 4914.606741573034, 4914.606741573034, 5016.966292134832, 5016.966292134832, 5236.3258426966295, 5236.3258426966295, 5388.044943820225, 5388.044943820225, 5555.404494382023, 5555.404494382023, 5584.404494382023, 5584.404494382023, 5774.123595505618, 5774.123595505618, 5838.483146067416, 5838.483146067416, 6084.202247191011, 6084.202247191011]"


Nederland, 1000 runs, hillclimber die stopt na 1000000. 25/06/2024  run_47

"x, punten voor lijn tekenen", "[2, 4, 13, 28, 51, 117, 131, 240, 305, 492, 1426, 5186, 865425]"
"y, punten voor lijn tekenen", "[4004.52808988764, 4520.247191011236, 4527.52808988764, 4569.168539325843, 4903.606741573034, 4905.606741573034, 5066.966292134832, 5169.3258426966295, 5379.044943820225, 5596.76404494382, 5630.76404494382, 6001.842696629214, 6051.202247191011]"
"x, punten van verbetering", "[2, 2, 4, 4, 13, 13, 28, 28, 51, 51, 117, 117, 131, 131, 240, 240, 305, 305, 492, 492, 1426, 1426, 5186, 5186, 865425, 865425, 1000000]"
"y, punten van verbetering", "[3063.730337078652, 4004.52808988764, 4004.52808988764, 4520.247191011236, 4520.247191011236, 4527.52808988764, 4527.52808988764, 4569.168539325843, 4569.168539325843, 4903.606741573034, 4903.606741573034, 4905.606741573034, 4905.606741573034, 5066.966292134832, 5066.966292134832, 5169.3258426966295, 5169.3258426966295, 5379.044943820225, 5379.044943820225, 5596.76404494382, 5596.76404494382, 5630.76404494382, 5630.76404494382, 6001.842696629214, 6001.842696629214, 6051.202247191011, 6051.202247191011]"


Nederland, 1000 runs, hillclimber die stopt na 1000000. 25/06/2024  run_48

"x, punten voor lijn tekenen", "[2, 12, 21, 27, 44, 71, 72, 75, 107, 200, 317, 730, 814, 2180, 3241, 46411, 192468, 372449, 429519, 803680, 864486]"
"y, punten voor lijn tekenen", "[4007.52808988764, 4173.449438202247, 4185.089887640449, 4215.089887640449, 4724.887640449438, 4841.247191011236, 4997.606741573034, 5068.966292134832, 5100.966292134832, 5146.966292134832, 5312.685393258427, 5340.685393258427, 5525.404494382023, 5610.76404494382, 5676.76404494382, 5884.483146067416, 5963.842696629214, 5968.842696629214, 5995.842696629214, 6004.842696629214, 6030.202247191011]"
"x, punten van verbetering", "[2, 2, 12, 12, 21, 21, 27, 27, 44, 44, 71, 71, 72, 72, 75, 75, 107, 107, 200, 200, 317, 317, 730, 730, 814, 814, 2180, 2180, 3241, 3241, 46411, 46411, 192468, 192468, 372449, 372449, 429519, 429519, 803680, 803680, 864486, 864486, 1000000]"
"y, punten van verbetering", "[3063.730337078652, 4007.52808988764, 4007.52808988764, 4173.449438202247, 4173.449438202247, 4185.089887640449, 4185.089887640449, 4215.089887640449, 4215.089887640449, 4724.887640449438, 4724.887640449438, 4841.247191011236, 4841.247191011236, 4997.606741573034, 4997.606741573034, 5068.966292134832, 5068.966292134832, 5100.966292134832, 5100.966292134832, 5146.966292134832, 5146.966292134832, 5312.685393258427, 5312.685393258427, 5340.685393258427, 5340.685393258427, 5525.404494382023, 5525.404494382023, 5610.76404494382, 5610.76404494382, 5676.76404494382, 5676.76404494382, 5884.483146067416, 5884.483146067416, 5963.842696629214, 5963.842696629214, 5968.842696629214, 5968.842696629214, 5995.842696629214, 5995.842696629214, 6004.842696629214, 6004.842696629214, 6030.202247191011, 6030.202247191011]"


Nederland, 1000 runs, hillclimber die stopt na 1000000. 25/06/2024  run_49

"x, punten voor lijn tekenen", "[1, 2, 4, 5, 1126, 1654, 1826, 2507, 4184, 5150, 13629, 509931, 924835]"
"y, punten voor lijn tekenen", "[4124.606741573034, 4258.606741573034, 5025.044943820225, 5258.76404494382, 5278.685393258427, 5284.685393258427, 5293.685393258427, 5339.044943820225, 5401.044943820225, 5642.76404494382, 5891.483146067416, 5905.483146067416, 5921.842696629214]"
"x, punten van verbetering", "[1, 1, 2, 2, 4, 4, 5, 5, 1126, 1126, 1654, 1654, 1826, 1826, 2507, 2507, 4184, 4184, 5150, 5150, 13629, 13629, 509931, 509931, 924835, 924835, 1000000]"
"y, punten van verbetering", "[3063.730337078652, 4124.606741573034, 4124.606741573034, 4258.606741573034, 4258.606741573034, 5025.044943820225, 5025.044943820225, 5258.76404494382, 5258.76404494382, 5278.685393258427, 5278.685393258427, 5284.685393258427, 5284.685393258427, 5293.685393258427, 5293.685393258427, 5339.044943820225, 5339.044943820225, 5401.044943820225, 5401.044943820225, 5642.76404494382, 5642.76404494382, 5891.483146067416, 5891.483146067416, 5905.483146067416, 5905.483146067416, 5921.842696629214, 5921.842696629214]"


Nederland, 1000 runs, hillclimber die stopt na 1000000. 25/06/2024  run_50

"x, punten voor lijn tekenen", "[1, 3, 6, 8, 65, 98, 160, 438, 46479, 419924, 635897]"
"y, punten voor lijn tekenen", "[3471.4494382022467, 3947.8089887640454, 4478.52808988764, 4833.606741573034, 4884.606741573034, 5111.966292134832, 5596.76404494382, 5847.483146067416, 6004.842696629214, 6011.842696629214, 6170.561797752809]"
"x, punten van verbetering", "[1, 1, 3, 3, 6, 6, 8, 8, 65, 65, 98, 98, 160, 160, 438, 438, 46479, 46479, 419924, 419924, 635897, 635897, 1000000]"
"y, punten van verbetering", "[3063.730337078652, 3471.4494382022467, 3471.4494382022467, 3947.8089887640454, 3947.8089887640454, 4478.52808988764, 4478.52808988764, 4833.606741573034, 4833.606741573034, 4884.606741573034, 4884.606741573034, 5111.966292134832, 5111.966292134832, 5596.76404494382, 5596.76404494382, 5847.483146067416, 5847.483146067416, 6004.842696629214, 6004.842696629214, 6011.842696629214, 6011.842696629214, 6170.561797752809, 6170.561797752809]"


Nederland, 1000 runs, hillclimber die stopt na 1000000. 25/06/2024  run_51

"x, punten voor lijn tekenen", "[2, 3, 11, 38, 209, 215, 390, 503, 1528, 1825, 5354, 5356, 15720, 33413, 71265, 107430, 162198, 263342, 665192]"
"y, punten voor lijn tekenen", "[3748.8089887640454, 4574.3258426966295, 4779.606741573034, 5041.966292134832, 5140.3258426966295, 5185.3258426966295, 5247.3258426966295, 5315.685393258427, 5486.404494382023, 5496.404494382023, 5649.76404494382, 5662.76404494382, 5718.123595505618, 5749.123595505618, 5757.123595505618, 5842.483146067416, 5949.842696629214, 5971.842696629214, 6122.202247191011]"
"x, punten van verbetering", "[2, 2, 3, 3, 11, 11, 38, 38, 209, 209, 215, 215, 390, 390, 503, 503, 1528, 1528, 1825, 1825, 5354, 5354, 5356, 5356, 15720, 15720, 33413, 33413, 71265, 71265, 107430, 107430, 162198, 162198, 263342, 263342, 665192, 665192, 1000000]"
"y, punten van verbetering", "[3063.730337078652, 3748.8089887640454, 3748.8089887640454, 4574.3258426966295, 4574.3258426966295, 4779.606741573034, 4779.606741573034, 5041.966292134832, 5041.966292134832, 5140.3258426966295, 5140.3258426966295, 5185.3258426966295, 5185.3258426966295, 5247.3258426966295, 5247.3258426966295, 5315.685393258427, 5315.685393258427, 5486.404494382023, 5486.404494382023, 5496.404494382023, 5496.404494382023, 5649.76404494382, 5649.76404494382, 5662.76404494382, 5662.76404494382, 5718.123595505618, 5718.123595505618, 5749.123595505618, 5749.123595505618, 5757.123595505618, 5757.123595505618, 5842.483146067416, 5842.483146067416, 5949.842696629214, 5949.842696629214, 5971.842696629214, 5971.842696629214, 6122.202247191011, 6122.202247191011]"


Nederland, 1000 runs, hillclimber die stopt na 1000000. 25/06/2024  run_52

"x, punten voor lijn tekenen", "[1, 35, 45, 48, 49, 134, 512, 5368, 15123, 15852, 17325, 39720, 170768, 561947]"
"y, punten voor lijn tekenen", "[4549.044943820225, 4581.52808988764, 4783.887640449438, 4835.247191011236, 5293.685393258427, 5455.044943820225, 5546.404494382023, 5586.76404494382, 5637.76404494382, 5669.76404494382, 5711.123595505618, 5897.483146067416, 5918.842696629214, 6195.561797752809]"
"x, punten van verbetering", "[1, 1, 35, 35, 45, 45, 48, 48, 49, 49, 134, 134, 512, 512, 5368, 5368, 15123, 15123, 15852, 15852, 17325, 17325, 39720, 39720, 170768, 170768, 561947, 561947, 1000000]"
"y, punten van verbetering", "[3063.730337078652, 4549.044943820225, 4549.044943820225, 4581.52808988764, 4581.52808988764, 4783.887640449438, 4783.887640449438, 4835.247191011236, 4835.247191011236, 5293.685393258427, 5293.685393258427, 5455.044943820225, 5455.044943820225, 5546.404494382023, 5546.404494382023, 5586.76404494382, 5586.76404494382, 5637.76404494382, 5637.76404494382, 5669.76404494382, 5669.76404494382, 5711.123595505618, 5711.123595505618, 5897.483146067416, 5897.483146067416, 5918.842696629214, 5918.842696629214, 6195.561797752809, 6195.561797752809]"


Nederland, 1000 runs, hillclimber die stopt na 1000000. 25/06/2024  run_53

"x, punten voor lijn tekenen", "[1, 4, 7, 10, 11, 17, 25, 26, 163, 164, 231, 344, 1399, 1801, 2199, 3670, 4456, 9603, 326200, 749363, 911381]"
"y, punten voor lijn tekenen", "[3714.168539325843, 3746.089887640449, 3835.730337078652, 4094.4494382022467, 4353.168539325843, 4363.808988764045, 4518.808988764045, 5095.606741573034, 5108.966292134832, 5197.3258426966295, 5203.3258426966295, 5373.044943820225, 5420.044943820225, 5427.044943820225, 5500.404494382023, 5532.404494382023, 5587.76404494382, 5875.483146067416, 5981.842696629214, 6043.202247191011, 6169.561797752809]"
"x, punten van verbetering", "[1, 1, 4, 4, 7, 7, 10, 10, 11, 11, 17, 17, 25, 25, 26, 26, 163, 163, 164, 164, 231, 231, 344, 344, 1399, 1399, 1801, 1801, 2199, 2199, 3670, 3670, 4456, 4456, 9603, 9603, 326200, 326200, 749363, 749363, 911381, 911381, 1000000]"
"y, punten van verbetering", "[3063.730337078652, 3714.168539325843, 3714.168539325843, 3746.089887640449, 3746.089887640449, 3835.730337078652, 3835.730337078652, 4094.4494382022467, 4094.4494382022467, 4353.168539325843, 4353.168539325843, 4363.808988764045, 4363.808988764045, 4518.808988764045, 4518.808988764045, 5095.606741573034, 5095.606741573034, 5108.966292134832, 5108.966292134832, 5197.3258426966295, 5197.3258426966295, 5203.3258426966295, 5203.3258426966295, 5373.044943820225, 5373.044943820225, 5420.044943820225, 5420.044943820225, 5427.044943820225, 5427.044943820225, 5500.404494382023, 5500.404494382023, 5532.404494382023, 5532.404494382023, 5587.76404494382, 5587.76404494382, 5875.483146067416, 5875.483146067416, 5981.842696629214, 5981.842696629214, 6043.202247191011, 6043.202247191011, 6169.561797752809, 6169.561797752809]"


Nederland, 1000 runs, hillclimber die stopt na 1000000. 25/06/2024  run_54

"x, punten voor lijn tekenen", "[3, 4, 5, 6, 7, 10, 49, 50, 1205, 2015, 4068, 14247, 18725, 190689, 301960, 583391, 583393]"
"y, punten voor lijn tekenen", "[3646.089887640449, 3854.8089887640454, 3875.4494382022467, 4103.168539325843, 4375.887640449438, 5012.3258426966295, 5143.3258426966295, 5379.044943820225, 5574.404494382023, 5639.76404494382, 5643.76404494382, 5664.76404494382, 5811.483146067416, 5839.123595505618, 5977.842696629214, 6099.202247191011, 6296.921348314607]"
"x, punten van verbetering", "[3, 3, 4, 4, 5, 5, 6, 6, 7, 7, 10, 10, 49, 49, 50, 50, 1205, 1205, 2015, 2015, 4068, 4068, 14247, 14247, 18725, 18725, 190689, 190689, 301960, 301960, 583391, 583391, 583393, 583393, 1000000]"
"y, punten van verbetering", "[3063.730337078652, 3646.089887640449, 3646.089887640449, 3854.8089887640454, 3854.8089887640454, 3875.4494382022467, 3875.4494382022467, 4103.168539325843, 4103.168539325843, 4375.887640449438, 4375.887640449438, 5012.3258426966295, 5012.3258426966295, 5143.3258426966295, 5143.3258426966295, 5379.044943820225, 5379.044943820225, 5574.404494382023, 5574.404494382023, 5639.76404494382, 5639.76404494382, 5643.76404494382, 5643.76404494382, 5664.76404494382, 5664.76404494382, 5811.483146067416, 5811.483146067416, 5839.123595505618, 5839.123595505618, 5977.842696629214, 5977.842696629214, 6099.202247191011, 6099.202247191011, 6296.921348314607, 6296.921348314607]"


Nederland, 1000 runs, hillclimber die stopt na 1000000. 25/06/2024  run_55

"x, punten voor lijn tekenen", "[1, 2, 8, 29, 32, 57, 69, 71, 263, 3596, 14338, 40034, 119175, 148313, 174078, 292466, 303950, 712341]"
"y, punten voor lijn tekenen", "[3171.3707865168544, 3918.168539325843, 4587.247191011236, 4694.52808988764, 4972.606741573034, 4980.606741573034, 5014.606741573034, 5026.606741573034, 5531.404494382023, 5717.123595505618, 5722.123595505618, 5797.123595505618, 5852.483146067416, 5878.483146067416, 5923.842696629214, 5943.842696629214, 5962.842696629214, 5966.842696629214]"
"x, punten van verbetering", "[1, 1, 2, 2, 8, 8, 29, 29, 32, 32, 57, 57, 69, 69, 71, 71, 263, 263, 3596, 3596, 14338, 14338, 40034, 40034, 119175, 119175, 148313, 148313, 174078, 174078, 292466, 292466, 303950, 303950, 712341, 712341, 1000000]"
"y, punten van verbetering", "[3063.730337078652, 3171.3707865168544, 3171.3707865168544, 3918.168539325843, 3918.168539325843, 4587.247191011236, 4587.247191011236, 4694.52808988764, 4694.52808988764, 4972.606741573034, 4972.606741573034, 4980.606741573034, 4980.606741573034, 5014.606741573034, 5014.606741573034, 5026.606741573034, 5026.606741573034, 5531.404494382023, 5531.404494382023, 5717.123595505618, 5717.123595505618, 5722.123595505618, 5722.123595505618, 5797.123595505618, 5797.123595505618, 5852.483146067416, 5852.483146067416, 5878.483146067416, 5878.483146067416, 5923.842696629214, 5923.842696629214, 5943.842696629214, 5943.842696629214, 5962.842696629214, 5962.842696629214, 5966.842696629214, 5966.842696629214]"


